種別,元の名前
APIキー取得失敗,No module named 'keiriver2'
列,企業（列が存在しません）
列,店舗（列が存在しません）
APIエラー,"店舗: かつくらくずはﾓｰﾙ店様 (

You tried to access openai.ChatCompletion, but this is no longer supported in openai>=1.0.0 - see the README at https://github.com/openai/openai-python for the API.

You can run `openai migrate` to automatically upgrade your codebase to use the 1.0.0 interface. 

Alternatively, you can pin your installation to the old version, e.g. `pip install openai==0.28`

A detailed migration guide is available here: https://github.com/openai/openai-python/discussions/742
)"
店舗,かつくらくずはﾓｰﾙ店様
APIエラー,"店舗: 家族亭ならﾌｧﾐﾘｰ店様分 (

You tried to access openai.ChatCompletion, but this is no longer supported in openai>=1.0.0 - see the README at https://github.com/openai/openai-python for the API.

You can run `openai migrate` to automatically upgrade your codebase to use the 1.0.0 interface. 

Alternatively, you can pin your installation to the old version, e.g. `pip install openai==0.28`

A detailed migration guide is available here: https://github.com/openai/openai-python/discussions/742
)"
店舗,家族亭ならﾌｧﾐﾘｰ店様分
APIエラー,"店舗: 丸源ﾗｰﾒﾝ鹿児島新栄店様 (

You tried to access openai.ChatCompletion, but this is no longer supported in openai>=1.0.0 - see the README at https://github.com/openai/openai-python for the API.

You can run `openai migrate` to automatically upgrade your codebase to use the 1.0.0 interface. 

Alternatively, you can pin your installation to the old version, e.g. `pip install openai==0.28`

A detailed migration guide is available here: https://github.com/openai/openai-python/discussions/742
)"
店舗,丸源ﾗｰﾒﾝ鹿児島新栄店様
APIエラー,"店舗: しゃぶしゃぶﾌﾞｯﾌｪしゃ (

You tried to access openai.ChatCompletion, but this is no longer supported in openai>=1.0.0 - see the README at https://github.com/openai/openai-python for the API.

You can run `openai migrate` to automatically upgrade your codebase to use the 1.0.0 interface. 

Alternatively, you can pin your installation to the old version, e.g. `pip install openai==0.28`

A detailed migration guide is available here: https://github.com/openai/openai-python/discussions/742
)"
店舗,しゃぶしゃぶﾌﾞｯﾌｪしゃ
APIエラー,"店舗: 焼肉の名門天壇北山店様 (

You tried to access openai.ChatCompletion, but this is no longer supported in openai>=1.0.0 - see the README at https://github.com/openai/openai-python for the API.

You can run `openai migrate` to automatically upgrade your codebase to use the 1.0.0 interface. 

Alternatively, you can pin your installation to the old version, e.g. `pip install openai==0.28`

A detailed migration guide is available here: https://github.com/openai/openai-python/discussions/742
)"
店舗,焼肉の名門天壇北山店様
APIエラー,"店舗: 丸源ﾗｰﾒﾝ豊田若林店様分 (

You tried to access openai.ChatCompletion, but this is no longer supported in openai>=1.0.0 - see the README at https://github.com/openai/openai-python for the API.

You can run `openai migrate` to automatically upgrade your codebase to use the 1.0.0 interface. 

Alternatively, you can pin your installation to the old version, e.g. `pip install openai==0.28`

A detailed migration guide is available here: https://github.com/openai/openai-python/discussions/742
)"
店舗,丸源ﾗｰﾒﾝ豊田若林店様分
APIエラー,"店舗: 江戸前回転鮨弥一阪急う (

You tried to access openai.ChatCompletion, but this is no longer supported in openai>=1.0.0 - see the README at https://github.com/openai/openai-python for the API.

You can run `openai migrate` to automatically upgrade your codebase to use the 1.0.0 interface. 

Alternatively, you can pin your installation to the old version, e.g. `pip install openai==0.28`

A detailed migration guide is available here: https://github.com/openai/openai-python/discussions/742
)"
店舗,江戸前回転鮨弥一阪急う
APIエラー,"店舗: 七輪炭火焼肉遊輪読売ﾗﾝ (

You tried to access openai.ChatCompletion, but this is no longer supported in openai>=1.0.0 - see the README at https://github.com/openai/openai-python for the API.

You can run `openai migrate` to automatically upgrade your codebase to use the 1.0.0 interface. 

Alternatively, you can pin your installation to the old version, e.g. `pip install openai==0.28`

A detailed migration guide is available here: https://github.com/openai/openai-python/discussions/742
)"
店舗,七輪炭火焼肉遊輪読売ﾗﾝ
APIエラー,"店舗: 丸源ﾗｰﾒﾝ草加店様分 (

You tried to access openai.ChatCompletion, but this is no longer supported in openai>=1.0.0 - see the README at https://github.com/openai/openai-python for the API.

You can run `openai migrate` to automatically upgrade your codebase to use the 1.0.0 interface. 

Alternatively, you can pin your installation to the old version, e.g. `pip install openai==0.28`

A detailed migration guide is available here: https://github.com/openai/openai-python/discussions/742
)"
店舗,丸源ﾗｰﾒﾝ草加店様分
APIエラー,"店舗: 椿屋茶房丸ﾋﾞﾙ店様分 (

You tried to access openai.ChatCompletion, but this is no longer supported in openai>=1.0.0 - see the README at https://github.com/openai/openai-python for the API.

You can run `openai migrate` to automatically upgrade your codebase to use the 1.0.0 interface. 

Alternatively, you can pin your installation to the old version, e.g. `pip install openai==0.28`

A detailed migration guide is available here: https://github.com/openai/openai-python/discussions/742
)"
店舗,椿屋茶房丸ﾋﾞﾙ店様分
APIエラー,"店舗: 家族亭ｱﾘｵ北砂店様分 (

You tried to access openai.ChatCompletion, but this is no longer supported in openai>=1.0.0 - see the README at https://github.com/openai/openai-python for the API.

You can run `openai migrate` to automatically upgrade your codebase to use the 1.0.0 interface. 

Alternatively, you can pin your installation to the old version, e.g. `pip install openai==0.28`

A detailed migration guide is available here: https://github.com/openai/openai-python/discussions/742
)"
店舗,家族亭ｱﾘｵ北砂店様分
APIエラー,"店舗: ぼて六甲店様分 (

You tried to access openai.ChatCompletion, but this is no longer supported in openai>=1.0.0 - see the README at https://github.com/openai/openai-python for the API.

You can run `openai migrate` to automatically upgrade your codebase to use the 1.0.0 interface. 

Alternatively, you can pin your installation to the old version, e.g. `pip install openai==0.28`

A detailed migration guide is available here: https://github.com/openai/openai-python/discussions/742
)"
店舗,ぼて六甲店様分
APIエラー,"店舗: 丸源ﾗｰﾒﾝ練馬関町店様分 (

You tried to access openai.ChatCompletion, but this is no longer supported in openai>=1.0.0 - see the README at https://github.com/openai/openai-python for the API.

You can run `openai migrate` to automatically upgrade your codebase to use the 1.0.0 interface. 

Alternatively, you can pin your installation to the old version, e.g. `pip install openai==0.28`

A detailed migration guide is available here: https://github.com/openai/openai-python/discussions/742
)"
APIエラー,"店舗: 焼肉きんぐ三鷹野崎店様 (

You tried to access openai.ChatCompletion, but this is no longer supported in openai>=1.0.0 - see the README at https://github.com/openai/openai-python for the API.

You can run `openai migrate` to automatically upgrade your codebase to use the 1.0.0 interface. 

Alternatively, you can pin your installation to the old version, e.g. `pip install openai==0.28`

A detailed migration guide is available here: https://github.com/openai/openai-python/discussions/742
)"
APIエラー,"店舗: 濵かつ福岡小田部店様分 (

You tried to access openai.ChatCompletion, but this is no longer supported in openai>=1.0.0 - see the README at https://github.com/openai/openai-python for the API.

You can run `openai migrate` to automatically upgrade your codebase to use the 1.0.0 interface. 

Alternatively, you can pin your installation to the old version, e.g. `pip install openai==0.28`

A detailed migration guide is available here: https://github.com/openai/openai-python/discussions/742
)"
APIエラー,"店舗: 江戸前回転鮨弥一堺中央 (

You tried to access openai.ChatCompletion, but this is no longer supported in openai>=1.0.0 - see the README at https://github.com/openai/openai-python for the API.

You can run `openai migrate` to automatically upgrade your codebase to use the 1.0.0 interface. 

Alternatively, you can pin your installation to the old version, e.g. `pip install openai==0.28`

A detailed migration guide is available here: https://github.com/openai/openai-python/discussions/742
)"
APIエラー,"店舗: 加東市役所税務課様分 (

You tried to access openai.ChatCompletion, but this is no longer supported in openai>=1.0.0 - see the README at https://github.com/openai/openai-python for the API.

You can run `openai migrate` to automatically upgrade your codebase to use the 1.0.0 interface. 

Alternatively, you can pin your installation to the old version, e.g. `pip install openai==0.28`

A detailed migration guide is available here: https://github.com/openai/openai-python/discussions/742
)"
APIエラー,"店舗: 焼肉きんぐ秋田広面店様 (

You tried to access openai.ChatCompletion, but this is no longer supported in openai>=1.0.0 - see the README at https://github.com/openai/openai-python for the API.

You can run `openai migrate` to automatically upgrade your codebase to use the 1.0.0 interface. 

Alternatively, you can pin your installation to the old version, e.g. `pip install openai==0.28`

A detailed migration guide is available here: https://github.com/openai/openai-python/discussions/742
)"
APIエラー,"店舗: 丸源ﾗｰﾒﾝ福山引野店様分 (

You tried to access openai.ChatCompletion, but this is no longer supported in openai>=1.0.0 - see the README at https://github.com/openai/openai-python for the API.

You can run `openai migrate` to automatically upgrade your codebase to use the 1.0.0 interface. 

Alternatively, you can pin your installation to the old version, e.g. `pip install openai==0.28`

A detailed migration guide is available here: https://github.com/openai/openai-python/discussions/742
)"
APIエラー,"店舗: 丸源ﾗｰﾒﾝ所沢北野店様分 (

You tried to access openai.ChatCompletion, but this is no longer supported in openai>=1.0.0 - see the README at https://github.com/openai/openai-python for the API.

You can run `openai migrate` to automatically upgrade your codebase to use the 1.0.0 interface. 

Alternatively, you can pin your installation to the old version, e.g. `pip install openai==0.28`

A detailed migration guide is available here: https://github.com/openai/openai-python/discussions/742
)"
APIエラー,"店舗: ｽﾃｰｷﾗﾝﾄﾞ神戸館様分 (

You tried to access openai.ChatCompletion, but this is no longer supported in openai>=1.0.0 - see the README at https://github.com/openai/openai-python for the API.

You can run `openai migrate` to automatically upgrade your codebase to use the 1.0.0 interface. 

Alternatively, you can pin your installation to the old version, e.g. `pip install openai==0.28`

A detailed migration guide is available here: https://github.com/openai/openai-python/discussions/742
)"
APIエラー,"店舗: ｸﾞﾘﾙｷｬﾝﾌﾟ新潟店様分 (

You tried to access openai.ChatCompletion, but this is no longer supported in openai>=1.0.0 - see the README at https://github.com/openai/openai-python for the API.

You can run `openai migrate` to automatically upgrade your codebase to use the 1.0.0 interface. 

Alternatively, you can pin your installation to the old version, e.g. `pip install openai==0.28`

A detailed migration guide is available here: https://github.com/openai/openai-python/discussions/742
)"
APIエラー,"店舗: 丸源ﾗｰﾒﾝ小平店様分 (

You tried to access openai.ChatCompletion, but this is no longer supported in openai>=1.0.0 - see the README at https://github.com/openai/openai-python for the API.

You can run `openai migrate` to automatically upgrade your codebase to use the 1.0.0 interface. 

Alternatively, you can pin your installation to the old version, e.g. `pip install openai==0.28`

A detailed migration guide is available here: https://github.com/openai/openai-python/discussions/742
)"
APIエラー,店舗: かつくらくずはﾓｰﾙ店様 (Incorrect API key provided: sddfffff**ffff. You can find your API key at https://platform.openai.com/account/api-keys.)
APIエラー,店舗: 家族亭ならﾌｧﾐﾘｰ店様分 (Incorrect API key provided: sddfffff**ffff. You can find your API key at https://platform.openai.com/account/api-keys.)
APIエラー,店舗: 丸源ﾗｰﾒﾝ鹿児島新栄店様 (Incorrect API key provided: sddfffff**ffff. You can find your API key at https://platform.openai.com/account/api-keys.)
APIエラー,店舗: しゃぶしゃぶﾌﾞｯﾌｪしゃ (Incorrect API key provided: sddfffff**ffff. You can find your API key at https://platform.openai.com/account/api-keys.)
列,企業が存在しません,
列,店舗が存在しません,
列,企業が存在しません,
列,企業が存在しません,
列,店舗が存在しません,
列,企業が存在しません,
列,店舗が存在しません,
列,企業が存在しません,
列,店舗が存在しません,
列,企業が存在しません,
列,企業が存在しません,
列,店舗が存在しません,
列,企業が存在しません,
列,店舗が存在しません,
列,企業が存在しません,
列,企業が存在しません,
列,店舗が存在しません,
列,企業が存在しません,
列,店舗が存在しません,
列,企業が存在しません,
列,企業が存在しません,
列,店舗が存在しません,
列,企業が存在しません,
列,店舗が存在しません,
列,企業が存在しません,
列,企業が存在しません,
列,店舗が存在しません,
列,企業が存在しません,
列,店舗が存在しません,
列,企業が存在しません,
ファイル名,C:\Users\8963948\Desktop\帳簿アップロード\_全社統合\全社統合_2024-01_records.csv,
ファイル名,C:\Users\8963948\Desktop\帳簿アップロード\_全社統合\全社統合_2024-01_records.xlsx,
ファイル名,C:\Users\8963948\Desktop\帳簿アップロード\_全社統合\全社統合_2025-01_records.csv,
ファイル名,C:\Users\8963948\Desktop\帳簿アップロード\_全社統合\全社統合_2025-01_records.xlsx,
ファイル名,C:\Users\8963948\Desktop\帳簿アップロード\営業部\営業部_2024-01_records.csv,
ファイル名,C:\Users\8963948\Desktop\帳簿アップロード\営業部\営業部_2024-01_records.xlsx,
ファイル名,C:\Users\8963948\Desktop\帳簿アップロード\営業部\営業部_2025-01_records.csv,
ファイル名,C:\Users\8963948\Desktop\帳簿アップロード\営業部\営業部_2025-01_records.xlsx,
ファイル名,C:\Users\8963948\Desktop\帳簿アップロード\processed\unknown\全社統合_2024-01_records.csv,
ファイル名,C:\Users\8963948\Desktop\帳簿アップロード\processed\unknown\全社統合_2024-01_records.xlsx,
ファイル名,C:\Users\8963948\Desktop\帳簿アップロード\processed\unknown\全社統合_2025-01_records.csv,
ファイル名,C:\Users\8963948\Desktop\帳簿アップロード\processed\unknown\全社統合_2025-01_records.xlsx,
ファイル名,C:\Users\8963948\Desktop\帳簿アップロード\processed\unknown\営業部_2024-01_records.csv,
ファイル名,C:\Users\8963948\Desktop\帳簿アップロード\processed\unknown\営業部_2024-01_records.xlsx,
ファイル名,C:\Users\8963948\Desktop\帳簿アップロード\processed\unknown\営業部_2025-01_records.csv,
ファイル名,C:\Users\8963948\Desktop\帳簿アップロード\processed\unknown\営業部_2025-01_records.xlsx,
ファイル名,C:\Users\8963948\Desktop\帳簿アップロード\processed\unknown\全社統合_2024-01_records.csv,
ファイル名,C:\Users\8963948\Desktop\帳簿アップロード\processed\unknown\全社統合_2024-01_records.xlsx,
ファイル名,C:\Users\8963948\Desktop\帳簿アップロード\processed\unknown\全社統合_2025-01_records.csv,
ファイル名,C:\Users\8963948\Desktop\帳簿アップロード\processed\unknown\全社統合_2025-01_records.xlsx,
ファイル名,C:\Users\8963948\Desktop\帳簿アップロード\processed\unknown\営業部_2024-01_records.csv,
ファイル名,C:\Users\8963948\Desktop\帳簿アップロード\processed\unknown\営業部_2024-01_records.xlsx,
ファイル名,C:\Users\8963948\Desktop\帳簿アップロード\processed\unknown\営業部_2025-01_records.csv,
ファイル名,C:\Users\8963948\Desktop\帳簿アップロード\processed\unknown\営業部_2025-01_records.xlsx,
列,企業が存在しません,
列,店舗が存在しません,
列,企業が存在しません,
列,店舗が存在しません,
列,企業が存在しません,
ファイル名,C:\Users\8963948\Desktop\帳簿アップロード\_全社統合\全社統合_2024-01_records.csv,
ファイル名,C:\Users\8963948\Desktop\帳簿アップロード\_全社統合\全社統合_2024-01_records.xlsx,
ファイル名,C:\Users\8963948\Desktop\帳簿アップロード\_全社統合\全社統合_2025-01_records.csv,
ファイル名,C:\Users\8963948\Desktop\帳簿アップロード\_全社統合\全社統合_2025-01_records.xlsx,
ファイル名,C:\Users\8963948\Desktop\帳簿アップロード\営業部\営業部_2024-01_records.csv,
ファイル名,C:\Users\8963948\Desktop\帳簿アップロード\processed\unknown\全社統合_2024-01_records.csv,
ファイル名,C:\Users\8963948\Desktop\帳簿アップロード\営業部\営業部_2024-01_records.xlsx,
ファイル名,C:\Users\8963948\Desktop\帳簿アップロード\processed\unknown\全社統合_2024-01_records.xlsx,
ファイル名,C:\Users\8963948\Desktop\帳簿アップロード\営業部\営業部_2025-01_records.csv,
ファイル名,C:\Users\8963948\Desktop\帳簿アップロード\processed\unknown\全社統合_2025-01_records.csv,
ファイル名,C:\Users\8963948\Desktop\帳簿アップロード\営業部\営業部_2025-01_records.xlsx,
ファイル名,C:\Users\8963948\Desktop\帳簿アップロード\processed\unknown\全社統合_2025-01_records.xlsx,
ファイル名,C:\Users\8963948\Desktop\帳簿アップロード\processed\unknown\営業部_2024-01_records.csv,
ファイル名,C:\Users\8963948\Desktop\帳簿アップロード\processed\unknown\営業部_2024-01_records.xlsx,
ファイル名,C:\Users\8963948\Desktop\帳簿アップロード\processed\unknown\営業部_2025-01_records.csv,
ファイル名,C:\Users\8963948\Desktop\帳簿アップロード\processed\unknown\営業部_2025-01_records.xlsx,
ファイル名,C:\Users\8963948\Desktop\帳簿アップロード\processed\unknown\全社統合_2024-01_records.csv,
ファイル名,C:\Users\8963948\Desktop\帳簿アップロード\processed\unknown\全社統合_2024-01_records.xlsx,
ファイル名,C:\Users\8963948\Desktop\帳簿アップロード\processed\unknown\全社統合_2025-01_records.csv,
ファイル名,C:\Users\8963948\Desktop\帳簿アップロード\processed\unknown\全社統合_2025-01_records.xlsx,
ファイル名,C:\Users\8963948\Desktop\帳簿アップロード\processed\unknown\営業部_2024-01_records.csv,
ファイル名,C:\Users\8963948\Desktop\帳簿アップロード\processed\unknown\営業部_2024-01_records.xlsx,
ファイル名,C:\Users\8963948\Desktop\帳簿アップロード\processed\unknown\営業部_2025-01_records.csv,
ファイル名,C:\Users\8963948\Desktop\帳簿アップロード\processed\unknown\営業部_2025-01_records.xlsx,
列,企業が存在しません,
列,店舗が存在しません,
列,企業が存在しません,
列,店舗が存在しません,
列,企業が存在しません,
ファイル名,C:\Users\8963948\Desktop\帳簿アップロード\_全社統合\全社統合_2024-01_records.csv,
ファイル名,C:\Users\8963948\Desktop\帳簿アップロード\_全社統合\全社統合_2024-01_records.xlsx,
ファイル名,C:\Users\8963948\Desktop\帳簿アップロード\_全社統合\全社統合_2025-01_records.csv,
ファイル名,C:\Users\8963948\Desktop\帳簿アップロード\_全社統合\全社統合_2025-01_records.xlsx,
ファイル名,C:\Users\8963948\Desktop\帳簿アップロード\processed\unknown\全社統合_2024-01_records.csv,
ファイル名,C:\Users\8963948\Desktop\帳簿アップロード\営業部\営業部_2024-01_records.csv,
ファイル名,C:\Users\8963948\Desktop\帳簿アップロード\processed\unknown\全社統合_2024-01_records.xlsx,
ファイル名,C:\Users\8963948\Desktop\帳簿アップロード\営業部\営業部_2024-01_records.xlsx,
ファイル名,C:\Users\8963948\Desktop\帳簿アップロード\processed\unknown\全社統合_2025-01_records.csv,
ファイル名,C:\Users\8963948\Desktop\帳簿アップロード\営業部\営業部_2025-01_records.csv,
ファイル名,C:\Users\8963948\Desktop\帳簿アップロード\営業部\営業部_2025-01_records.xlsx,
ファイル名,C:\Users\8963948\Desktop\帳簿アップロード\processed\unknown\全社統合_2024-01_records.csv,
ファイル名,C:\Users\8963948\Desktop\帳簿アップロード\processed\unknown\全社統合_2024-01_records.xlsx,
ファイル名,C:\Users\8963948\Desktop\帳簿アップロード\processed\unknown\全社統合_2025-01_records.csv,
ファイル名,C:\Users\8963948\Desktop\帳簿アップロード\processed\unknown\全社統合_2025-01_records.xlsx,
ファイル名,C:\Users\8963948\Desktop\帳簿アップロード\processed\unknown\営業部_2024-01_records.csv,
ファイル名,C:\Users\8963948\Desktop\帳簿アップロード\processed\unknown\全社統合_2025-01_records.xlsx,
ファイル名,C:\Users\8963948\Desktop\帳簿アップロード\processed\unknown\営業部_2024-01_records.xlsx,
ファイル名,C:\Users\8963948\Desktop\帳簿アップロード\processed\unknown\営業部_2024-01_records.csv,
ファイル名,C:\Users\8963948\Desktop\帳簿アップロード\processed\unknown\営業部_2025-01_records.csv,
ファイル名,C:\Users\8963948\Desktop\帳簿アップロード\processed\unknown\営業部_2024-01_records.xlsx,
ファイル名,C:\Users\8963948\Desktop\帳簿アップロード\processed\unknown\営業部_2025-01_records.xlsx,
ファイル名,C:\Users\8963948\Desktop\帳簿アップロード\processed\unknown\営業部_2025-01_records.csv,
ファイル名,C:\Users\8963948\Desktop\帳簿アップロード\processed\unknown\営業部_2025-01_records.xlsx,
ファイル名,C:\Users\8963948\Desktop\帳簿アップロード\processed\unknown\全社統合_2024-01_records.csv,
ファイル名,C:\Users\8963948\Desktop\帳簿アップロード\processed\unknown\全社統合_2024-01_records.xlsx,
ファイル名,C:\Users\8963948\Desktop\帳簿アップロード\processed\unknown\全社統合_2025-01_records.csv,
ファイル名,C:\Users\8963948\Desktop\帳簿アップロード\processed\unknown\全社統合_2025-01_records.xlsx,
ファイル名,C:\Users\8963948\Desktop\帳簿アップロード\processed\unknown\営業部_2024-01_records.csv,
ファイル名,C:\Users\8963948\Desktop\帳簿アップロード\processed\unknown\営業部_2024-01_records.xlsx,
ファイル名,C:\Users\8963948\Desktop\帳簿アップロード\processed\unknown\営業部_2025-01_records.csv,
ファイル名,C:\Users\8963948\Desktop\帳簿アップロード\processed\unknown\営業部_2025-01_records.xlsx,
ファイル名,C:\Users\8963948\Desktop\帳簿アップロード\processed\unknown\全社統合_2024-01_records.csv,
ファイル名,C:\Users\8963948\Desktop\帳簿アップロード\processed\unknown\全社統合_2024-01_records.xlsx,
ファイル名,C:\Users\8963948\Desktop\帳簿アップロード\processed\unknown\全社統合_2025-01_records.csv,
ファイル名,C:\Users\8963948\Desktop\帳簿アップロード\processed\unknown\全社統合_2025-01_records.xlsx,
ファイル名,C:\Users\8963948\Desktop\帳簿アップロード\processed\unknown\営業部_2024-01_records.csv,
ファイル名,C:\Users\8963948\Desktop\帳簿アップロード\processed\unknown\営業部_2024-01_records.xlsx,
ファイル名,C:\Users\8963948\Desktop\帳簿アップロード\processed\unknown\営業部_2025-01_records.csv,
ファイル名,C:\Users\8963948\Desktop\帳簿アップロード\processed\unknown\営業部_2025-01_records.xlsx,
列,企業が存在しません,
列,店舗が存在しません,
列,企業が存在しません,
列,企業が存在しません,
列,企業が存在しません,
列,店舗が存在しません,
ファイル名,C:\Users\8963948\Desktop\帳簿アップロード\output\_全社統合\全社統合_2025-01_records.csv,
ファイル名,C:\Users\8963948\Desktop\帳簿アップロード\output\営業部\営業部_2025-01_records.csv,
列,企業が存在しません,
列,店舗が存在しません,
ファイル名,C:\Users\8963948\Desktop\帳簿アップロード\output\_全社統合\全社統合_2025-01_records.csv,
ファイル名,C:\Users\8963948\Desktop\帳簿アップロード\output\営業部\営業部_2025-01_records.csv,
列,企業が存在しません,
列,店舗が存在しません,
ファイル名,C:\Users\8963948\Desktop\帳簿アップロード\output\_全社統合\全社統合_2025-01_records.csv,
ファイル名,C:\Users\8963948\Desktop\帳簿アップロード\output\営業部\営業部_2025-01_records.csv,
列,企業が存在しません,
ファイル名,C:\Users\8963948\Desktop\帳簿アップロード\output\_全社統合\全社統合_2024-01_records.csv,
ファイル名,C:\Users\8963948\Desktop\帳簿アップロード\output\営業部\営業部_2024-01_records.csv,
列,企業が存在しません,
列,店舗が存在しません,
列,企業が存在しません,
ファイル名,C:\Users\8963948\Desktop\帳簿アップロード\output\_全社統合\全社統合_2024-01_records.csv,
ファイル名,C:\Users\8963948\Desktop\帳簿アップロード\output\_全社統合\全社統合_2024-01_records.xlsx,
ファイル名,C:\Users\8963948\Desktop\帳簿アップロード\output\_全社統合\全社統合_2025-01_records.csv,
ファイル名,C:\Users\8963948\Desktop\帳簿アップロード\output\_全社統合\全社統合_2025-01_records.xlsx,
ファイル名,C:\Users\8963948\Desktop\帳簿アップロード\output\営業部\営業部_2024-01_records.csv,
ファイル名,C:\Users\8963948\Desktop\帳簿アップロード\output\営業部\営業部_2024-01_records.xlsx,
ファイル名,C:\Users\8963948\Desktop\帳簿アップロード\output\営業部\営業部_2025-01_records.csv,
ファイル名,C:\Users\8963948\Desktop\帳簿アップロード\output\営業部\営業部_2025-01_records.xlsx,
列,企業が存在しません,
列,店舗が存在しません,
列,企業が存在しません,
列,企業が存在しません,
列,企業が存在しません,
列,企業が存在しません,
列,企業が存在しません,
列,企業が存在しません,
列,店舗が存在しません,
列,企業が存在しません,
列,企業が存在しません,
列,企業が存在しません,
列,企業が存在しません,
読込エラー,C:\Users\8963948\Desktop\帳簿アップロード\営業部_アートセッティングデリバリー株式会社_2025年1月.xls: Missing optional dependency 'xlrd'. Install xlrd >= 2.0.1 for xls Excel support Use pip or conda to install xlrd.,
列,企業が存在しません,
列,店舗が存在しません,
列,企業が存在しません,
列,企業が存在しません,
読込エラー,C:\Users\8963948\Desktop\帳簿アップロード\営業部_アートセッティングデリバリー株式会社_2025年1月.xls: Missing optional dependency 'xlrd'. Install xlrd >= 2.0.1 for xls Excel support Use pip or conda to install xlrd.,
列,企業が存在しません,
列,企業が存在しません,
列,店舗が存在しません,
列,企業が存在しません,
列,企業が存在しません,
列,店舗が存在しません,
列,企業が存在しません,
列,企業が存在しません,
列,企業が存在しません,
列,企業が存在しません,
列,企業が存在しません,
列,企業が存在しません,
列,店舗が存在しません,
列,企業が存在しません,
列,店舗が存在しません,
列,企業が存在しません,
列,企業が存在しません,
列,企業が存在しません,
列,企業が存在しません,
列,企業が存在しません,
列,企業が存在しません,
列,企業が存在しません,
列,店舗が存在しません,
列,企業が存在しません,
列,企業が存在しません,
列,企業が存在しません,
列,企業が存在しません,
列,企業が存在しません,
列,企業が存在しません,
列,企業が存在しません,
列,店舗が存在しません,
読込エラー,C:\Users\8963948\Desktop\帳簿アップロード\営業部_株式会社 Forneeds_2025年1月.xlsx: [Errno 2] No such file or directory: 'C:\\Users\\8963948\\Desktop\\帳簿アップロード\\営業部_株式会社 Forneeds_2025年1月.xlsx',
列,企業が存在しません,
列,企業が存在しません,
列,企業が存在しません,
列,企業が存在しません,
列,企業が存在しません,
列,店舗が存在しません,
列,企業が存在しません,
列,店舗が存在しません,
読込エラー,C:\Users\8963948\Desktop\帳簿アップロード\営業部_アートセッティングデリバリー株式会社_2025年1月.xls: Missing optional dependency 'xlrd'. Install xlrd >= 2.0.1 for xls Excel support Use pip or conda to install xlrd.,
列,企業が存在しません,
列,店舗が存在しません,
列,企業が存在しません,
列,店舗が存在しません,
列,企業が存在しません,
列,企業が存在しません,
読込エラー,C:\Users\8963948\Desktop\帳簿アップロード\営業部_アートセッティングデリバリー株式会社_2025年1月.xls: Missing optional dependency 'xlrd'. Install xlrd >= 2.0.1 for xls Excel support Use pip or conda to install xlrd.,
列,企業が存在しません,
列,店舗が存在しません,
列,企業が存在しません,
列,企業が存在しません,
列,店舗が存在しません,
列,企業が存在しません,
列,企業が存在しません,
列,店舗が存在しません,
列,企業が存在しません,
列,企業が存在しません,
読込エラー,C:\Users\8963948\Desktop\帳簿アップロード\営業部_アートセッティングデリバリー株式会社_2025年1月.xls: Missing optional dependency 'xlrd'. Install xlrd >= 2.0.1 for xls Excel support Use pip or conda to install xlrd.,
列,企業が存在しません,
列,企業が存在しません,
列,店舗が存在しません,
列,企業が存在しません,
列,店舗が存在しません,
列,企業が存在しません,
列,企業が存在しません,
列,店舗が存在しません,
列,企業が存在しません,
列,店舗が存在しません,
列,企業が存在しません,
列,企業が存在しません,
列,企業が存在しません,
列検出エラー,C:\Users\8963948\Desktop\帳簿アップロード\営業部_GOG株式会社_2025年1月.xlsx: 日付列([])が見つかりません,
金額欠損,C:\Users\8963948\Desktop\帳簿アップロード\営業部_GOG株式会社_2025年1月.xlsx#行0: 値=None,
金額欠損,C:\Users\8963948\Desktop\帳簿アップロード\営業部_GOG株式会社_2025年1月.xlsx#行1: 値=None,
金額欠損,C:\Users\8963948\Desktop\帳簿アップロード\営業部_GOG株式会社_2025年1月.xlsx#行2: 値=None,
金額欠損,C:\Users\8963948\Desktop\帳簿アップロード\営業部_GOG株式会社_2025年1月.xlsx#行3: 値=None,
金額欠損,C:\Users\8963948\Desktop\帳簿アップロード\営業部_GOG株式会社_2025年1月.xlsx#行4: 値=None,
金額欠損,C:\Users\8963948\Desktop\帳簿アップロード\営業部_GOG株式会社_2025年1月.xlsx#行5: 値=None,
金額欠損,C:\Users\8963948\Desktop\帳簿アップロード\営業部_GOG株式会社_2025年1月.xlsx#行6: 値=None,
金額欠損,C:\Users\8963948\Desktop\帳簿アップロード\営業部_GOG株式会社_2025年1月.xlsx#行7: 値=None,
金額欠損,C:\Users\8963948\Desktop\帳簿アップロード\営業部_GOG株式会社_2025年1月.xlsx#行8: 値=None,
金額欠損,C:\Users\8963948\Desktop\帳簿アップロード\営業部_GOG株式会社_2025年1月.xlsx#行9: 値=None,
金額欠損,C:\Users\8963948\Desktop\帳簿アップロード\営業部_GOG株式会社_2025年1月.xlsx#行10: 値=None,
金額欠損,C:\Users\8963948\Desktop\帳簿アップロード\営業部_GOG株式会社_2025年1月.xlsx#行11: 値=None,
金額欠損,C:\Users\8963948\Desktop\帳簿アップロード\営業部_GOG株式会社_2025年1月.xlsx#行12: 値=None,
金額欠損,C:\Users\8963948\Desktop\帳簿アップロード\営業部_GOG株式会社_2025年1月.xlsx#行13: 値=None,
金額欠損,C:\Users\8963948\Desktop\帳簿アップロード\営業部_GOG株式会社_2025年1月.xlsx#行14: 値=None,
金額欠損,C:\Users\8963948\Desktop\帳簿アップロード\営業部_GOG株式会社_2025年1月.xlsx#行15: 値=None,
金額欠損,C:\Users\8963948\Desktop\帳簿アップロード\営業部_GOG株式会社_2025年1月.xlsx#行16: 値=None,
金額欠損,C:\Users\8963948\Desktop\帳簿アップロード\営業部_GOG株式会社_2025年1月.xlsx#行17: 値=None,
金額欠損,C:\Users\8963948\Desktop\帳簿アップロード\営業部_GOG株式会社_2025年1月.xlsx#行18: 値=None,
金額欠損,C:\Users\8963948\Desktop\帳簿アップロード\営業部_GOG株式会社_2025年1月.xlsx#行19: 値=None,
金額欠損,C:\Users\8963948\Desktop\帳簿アップロード\営業部_GOG株式会社_2025年1月.xlsx#行20: 値=None,
金額欠損,C:\Users\8963948\Desktop\帳簿アップロード\営業部_GOG株式会社_2025年1月.xlsx#行21: 値=None,
金額欠損,C:\Users\8963948\Desktop\帳簿アップロード\営業部_GOG株式会社_2025年1月.xlsx#行22: 値=None,
金額欠損,C:\Users\8963948\Desktop\帳簿アップロード\営業部_GOG株式会社_2025年1月.xlsx#行23: 値=None,
金額欠損,C:\Users\8963948\Desktop\帳簿アップロード\営業部_GOG株式会社_2025年1月.xlsx#行24: 値=None,
金額欠損,C:\Users\8963948\Desktop\帳簿アップロード\営業部_GOG株式会社_2025年1月.xlsx#行25: 値=None,
金額欠損,C:\Users\8963948\Desktop\帳簿アップロード\営業部_GOG株式会社_2025年1月.xlsx#行26: 値=None,
金額欠損,C:\Users\8963948\Desktop\帳簿アップロード\営業部_GOG株式会社_2025年1月.xlsx#行27: 値=None,
金額欠損,C:\Users\8963948\Desktop\帳簿アップロード\営業部_GOG株式会社_2025年1月.xlsx#行28: 値=None,
金額欠損,C:\Users\8963948\Desktop\帳簿アップロード\営業部_GOG株式会社_2025年1月.xlsx#行29: 値=None,
金額欠損,C:\Users\8963948\Desktop\帳簿アップロード\営業部_GOG株式会社_2025年1月.xlsx#行30: 値=None,
金額欠損,C:\Users\8963948\Desktop\帳簿アップロード\営業部_GOG株式会社_2025年1月.xlsx#行31: 値=None,
金額欠損,C:\Users\8963948\Desktop\帳簿アップロード\営業部_GOG株式会社_2025年1月.xlsx#行32: 値=None,
金額欠損,C:\Users\8963948\Desktop\帳簿アップロード\営業部_GOG株式会社_2025年1月.xlsx#行33: 値=None,
金額欠損,C:\Users\8963948\Desktop\帳簿アップロード\営業部_GOG株式会社_2025年1月.xlsx#行34: 値=None,
列検出エラー,C:\Users\8963948\Desktop\帳簿アップロード\営業部_GOG株式会社_2025年1月.xlsx: 日付列([])が見つかりません,
金額欠損,C:\Users\8963948\Desktop\帳簿アップロード\営業部_GOG株式会社_2025年1月.xlsx#行0: 値=None,
金額欠損,C:\Users\8963948\Desktop\帳簿アップロード\営業部_GOG株式会社_2025年1月.xlsx#行1: 値=None,
金額欠損,C:\Users\8963948\Desktop\帳簿アップロード\営業部_GOG株式会社_2025年1月.xlsx#行2: 値=None,
金額欠損,C:\Users\8963948\Desktop\帳簿アップロード\営業部_GOG株式会社_2025年1月.xlsx#行3: 値=None,
金額欠損,C:\Users\8963948\Desktop\帳簿アップロード\営業部_GOG株式会社_2025年1月.xlsx#行4: 値=None,
金額欠損,C:\Users\8963948\Desktop\帳簿アップロード\営業部_GOG株式会社_2025年1月.xlsx#行5: 値=None,
金額欠損,C:\Users\8963948\Desktop\帳簿アップロード\営業部_GOG株式会社_2025年1月.xlsx#行6: 値=None,
金額欠損,C:\Users\8963948\Desktop\帳簿アップロード\営業部_GOG株式会社_2025年1月.xlsx#行7: 値=None,
金額欠損,C:\Users\8963948\Desktop\帳簿アップロード\営業部_GOG株式会社_2025年1月.xlsx#行8: 値=None,
金額欠損,C:\Users\8963948\Desktop\帳簿アップロード\営業部_GOG株式会社_2025年1月.xlsx#行9: 値=None,
金額欠損,C:\Users\8963948\Desktop\帳簿アップロード\営業部_GOG株式会社_2025年1月.xlsx#行10: 値=None,
金額欠損,C:\Users\8963948\Desktop\帳簿アップロード\営業部_GOG株式会社_2025年1月.xlsx#行11: 値=None,
金額欠損,C:\Users\8963948\Desktop\帳簿アップロード\営業部_GOG株式会社_2025年1月.xlsx#行12: 値=None,
金額欠損,C:\Users\8963948\Desktop\帳簿アップロード\営業部_GOG株式会社_2025年1月.xlsx#行13: 値=None,
金額欠損,C:\Users\8963948\Desktop\帳簿アップロード\営業部_GOG株式会社_2025年1月.xlsx#行14: 値=None,
金額欠損,C:\Users\8963948\Desktop\帳簿アップロード\営業部_GOG株式会社_2025年1月.xlsx#行15: 値=None,
金額欠損,C:\Users\8963948\Desktop\帳簿アップロード\営業部_GOG株式会社_2025年1月.xlsx#行16: 値=None,
金額欠損,C:\Users\8963948\Desktop\帳簿アップロード\営業部_GOG株式会社_2025年1月.xlsx#行17: 値=None,
金額欠損,C:\Users\8963948\Desktop\帳簿アップロード\営業部_GOG株式会社_2025年1月.xlsx#行18: 値=None,
金額欠損,C:\Users\8963948\Desktop\帳簿アップロード\営業部_GOG株式会社_2025年1月.xlsx#行19: 値=None,
金額欠損,C:\Users\8963948\Desktop\帳簿アップロード\営業部_GOG株式会社_2025年1月.xlsx#行20: 値=None,
金額欠損,C:\Users\8963948\Desktop\帳簿アップロード\営業部_GOG株式会社_2025年1月.xlsx#行21: 値=None,
金額欠損,C:\Users\8963948\Desktop\帳簿アップロード\営業部_GOG株式会社_2025年1月.xlsx#行22: 値=None,
金額欠損,C:\Users\8963948\Desktop\帳簿アップロード\営業部_GOG株式会社_2025年1月.xlsx#行23: 値=None,
金額欠損,C:\Users\8963948\Desktop\帳簿アップロード\営業部_GOG株式会社_2025年1月.xlsx#行24: 値=None,
金額欠損,C:\Users\8963948\Desktop\帳簿アップロード\営業部_GOG株式会社_2025年1月.xlsx#行25: 値=None,
金額欠損,C:\Users\8963948\Desktop\帳簿アップロード\営業部_GOG株式会社_2025年1月.xlsx#行26: 値=None,
金額欠損,C:\Users\8963948\Desktop\帳簿アップロード\営業部_GOG株式会社_2025年1月.xlsx#行27: 値=None,
金額欠損,C:\Users\8963948\Desktop\帳簿アップロード\営業部_GOG株式会社_2025年1月.xlsx#行28: 値=None,
金額欠損,C:\Users\8963948\Desktop\帳簿アップロード\営業部_GOG株式会社_2025年1月.xlsx#行29: 値=None,
金額欠損,C:\Users\8963948\Desktop\帳簿アップロード\営業部_GOG株式会社_2025年1月.xlsx#行30: 値=None,
金額欠損,C:\Users\8963948\Desktop\帳簿アップロード\営業部_GOG株式会社_2025年1月.xlsx#行31: 値=None,
金額欠損,C:\Users\8963948\Desktop\帳簿アップロード\営業部_GOG株式会社_2025年1月.xlsx#行32: 値=None,
金額欠損,C:\Users\8963948\Desktop\帳簿アップロード\営業部_GOG株式会社_2025年1月.xlsx#行33: 値=None,
金額欠損,C:\Users\8963948\Desktop\帳簿アップロード\営業部_GOG株式会社_2025年1月.xlsx#行34: 値=None,
列検出エラー,C:\Users\8963948\Desktop\帳簿アップロード\営業部_GOG株式会社_2025年1月.xlsx: 日付列([])が見つかりません,
金額欠損,C:\Users\8963948\Desktop\帳簿アップロード\営業部_GOG株式会社_2025年1月.xlsx#行0: 値=None,
金額欠損,C:\Users\8963948\Desktop\帳簿アップロード\営業部_GOG株式会社_2025年1月.xlsx#行1: 値=None,
金額欠損,C:\Users\8963948\Desktop\帳簿アップロード\営業部_GOG株式会社_2025年1月.xlsx#行2: 値=None,
金額欠損,C:\Users\8963948\Desktop\帳簿アップロード\営業部_GOG株式会社_2025年1月.xlsx#行3: 値=None,
金額欠損,C:\Users\8963948\Desktop\帳簿アップロード\営業部_GOG株式会社_2025年1月.xlsx#行4: 値=None,
金額欠損,C:\Users\8963948\Desktop\帳簿アップロード\営業部_GOG株式会社_2025年1月.xlsx#行5: 値=None,
金額欠損,C:\Users\8963948\Desktop\帳簿アップロード\営業部_GOG株式会社_2025年1月.xlsx#行6: 値=None,
金額欠損,C:\Users\8963948\Desktop\帳簿アップロード\営業部_GOG株式会社_2025年1月.xlsx#行7: 値=None,
金額欠損,C:\Users\8963948\Desktop\帳簿アップロード\営業部_GOG株式会社_2025年1月.xlsx#行8: 値=None,
金額欠損,C:\Users\8963948\Desktop\帳簿アップロード\営業部_GOG株式会社_2025年1月.xlsx#行9: 値=None,
金額欠損,C:\Users\8963948\Desktop\帳簿アップロード\営業部_GOG株式会社_2025年1月.xlsx#行10: 値=None,
金額欠損,C:\Users\8963948\Desktop\帳簿アップロード\営業部_GOG株式会社_2025年1月.xlsx#行11: 値=None,
金額欠損,C:\Users\8963948\Desktop\帳簿アップロード\営業部_GOG株式会社_2025年1月.xlsx#行12: 値=None,
金額欠損,C:\Users\8963948\Desktop\帳簿アップロード\営業部_GOG株式会社_2025年1月.xlsx#行13: 値=None,
金額欠損,C:\Users\8963948\Desktop\帳簿アップロード\営業部_GOG株式会社_2025年1月.xlsx#行14: 値=None,
金額欠損,C:\Users\8963948\Desktop\帳簿アップロード\営業部_GOG株式会社_2025年1月.xlsx#行15: 値=None,
金額欠損,C:\Users\8963948\Desktop\帳簿アップロード\営業部_GOG株式会社_2025年1月.xlsx#行16: 値=None,
金額欠損,C:\Users\8963948\Desktop\帳簿アップロード\営業部_GOG株式会社_2025年1月.xlsx#行17: 値=None,
金額欠損,C:\Users\8963948\Desktop\帳簿アップロード\営業部_GOG株式会社_2025年1月.xlsx#行18: 値=None,
金額欠損,C:\Users\8963948\Desktop\帳簿アップロード\営業部_GOG株式会社_2025年1月.xlsx#行19: 値=None,
金額欠損,C:\Users\8963948\Desktop\帳簿アップロード\営業部_GOG株式会社_2025年1月.xlsx#行20: 値=None,
金額欠損,C:\Users\8963948\Desktop\帳簿アップロード\営業部_GOG株式会社_2025年1月.xlsx#行21: 値=None,
金額欠損,C:\Users\8963948\Desktop\帳簿アップロード\営業部_GOG株式会社_2025年1月.xlsx#行22: 値=None,
金額欠損,C:\Users\8963948\Desktop\帳簿アップロード\営業部_GOG株式会社_2025年1月.xlsx#行23: 値=None,
金額欠損,C:\Users\8963948\Desktop\帳簿アップロード\営業部_GOG株式会社_2025年1月.xlsx#行24: 値=None,
金額欠損,C:\Users\8963948\Desktop\帳簿アップロード\営業部_GOG株式会社_2025年1月.xlsx#行25: 値=None,
金額欠損,C:\Users\8963948\Desktop\帳簿アップロード\営業部_GOG株式会社_2025年1月.xlsx#行26: 値=None,
金額欠損,C:\Users\8963948\Desktop\帳簿アップロード\営業部_GOG株式会社_2025年1月.xlsx#行27: 値=None,
金額欠損,C:\Users\8963948\Desktop\帳簿アップロード\営業部_GOG株式会社_2025年1月.xlsx#行28: 値=None,
金額欠損,C:\Users\8963948\Desktop\帳簿アップロード\営業部_GOG株式会社_2025年1月.xlsx#行29: 値=None,
金額欠損,C:\Users\8963948\Desktop\帳簿アップロード\営業部_GOG株式会社_2025年1月.xlsx#行30: 値=None,
金額欠損,C:\Users\8963948\Desktop\帳簿アップロード\営業部_GOG株式会社_2025年1月.xlsx#行31: 値=None,
金額欠損,C:\Users\8963948\Desktop\帳簿アップロード\営業部_GOG株式会社_2025年1月.xlsx#行32: 値=None,
金額欠損,C:\Users\8963948\Desktop\帳簿アップロード\営業部_GOG株式会社_2025年1月.xlsx#行33: 値=None,
金額欠損,C:\Users\8963948\Desktop\帳簿アップロード\営業部_GOG株式会社_2025年1月.xlsx#行34: 値=None,
列検出エラー,C:\Users\8963948\Desktop\帳簿アップロード\営業部_GOG株式会社_2025年1月.xlsx: 日付列([])が見つかりません,
金額欠損,C:\Users\8963948\Desktop\帳簿アップロード\営業部_GOG株式会社_2025年1月.xlsx#行0: 値=None,
金額欠損,C:\Users\8963948\Desktop\帳簿アップロード\営業部_GOG株式会社_2025年1月.xlsx#行1: 値=None,
金額欠損,C:\Users\8963948\Desktop\帳簿アップロード\営業部_GOG株式会社_2025年1月.xlsx#行2: 値=None,
金額欠損,C:\Users\8963948\Desktop\帳簿アップロード\営業部_GOG株式会社_2025年1月.xlsx#行3: 値=None,
金額欠損,C:\Users\8963948\Desktop\帳簿アップロード\営業部_GOG株式会社_2025年1月.xlsx#行4: 値=None,
金額欠損,C:\Users\8963948\Desktop\帳簿アップロード\営業部_GOG株式会社_2025年1月.xlsx#行5: 値=None,
金額欠損,C:\Users\8963948\Desktop\帳簿アップロード\営業部_GOG株式会社_2025年1月.xlsx#行6: 値=None,
金額欠損,C:\Users\8963948\Desktop\帳簿アップロード\営業部_GOG株式会社_2025年1月.xlsx#行7: 値=None,
金額欠損,C:\Users\8963948\Desktop\帳簿アップロード\営業部_GOG株式会社_2025年1月.xlsx#行8: 値=None,
金額欠損,C:\Users\8963948\Desktop\帳簿アップロード\営業部_GOG株式会社_2025年1月.xlsx#行9: 値=None,
金額欠損,C:\Users\8963948\Desktop\帳簿アップロード\営業部_GOG株式会社_2025年1月.xlsx#行10: 値=None,
金額欠損,C:\Users\8963948\Desktop\帳簿アップロード\営業部_GOG株式会社_2025年1月.xlsx#行11: 値=None,
金額欠損,C:\Users\8963948\Desktop\帳簿アップロード\営業部_GOG株式会社_2025年1月.xlsx#行12: 値=None,
金額欠損,C:\Users\8963948\Desktop\帳簿アップロード\営業部_GOG株式会社_2025年1月.xlsx#行13: 値=None,
金額欠損,C:\Users\8963948\Desktop\帳簿アップロード\営業部_GOG株式会社_2025年1月.xlsx#行14: 値=None,
金額欠損,C:\Users\8963948\Desktop\帳簿アップロード\営業部_GOG株式会社_2025年1月.xlsx#行15: 値=None,
金額欠損,C:\Users\8963948\Desktop\帳簿アップロード\営業部_GOG株式会社_2025年1月.xlsx#行16: 値=None,
金額欠損,C:\Users\8963948\Desktop\帳簿アップロード\営業部_GOG株式会社_2025年1月.xlsx#行17: 値=None,
金額欠損,C:\Users\8963948\Desktop\帳簿アップロード\営業部_GOG株式会社_2025年1月.xlsx#行18: 値=None,
金額欠損,C:\Users\8963948\Desktop\帳簿アップロード\営業部_GOG株式会社_2025年1月.xlsx#行19: 値=None,
金額欠損,C:\Users\8963948\Desktop\帳簿アップロード\営業部_GOG株式会社_2025年1月.xlsx#行20: 値=None,
金額欠損,C:\Users\8963948\Desktop\帳簿アップロード\営業部_GOG株式会社_2025年1月.xlsx#行21: 値=None,
金額欠損,C:\Users\8963948\Desktop\帳簿アップロード\営業部_GOG株式会社_2025年1月.xlsx#行22: 値=None,
金額欠損,C:\Users\8963948\Desktop\帳簿アップロード\営業部_GOG株式会社_2025年1月.xlsx#行23: 値=None,
金額欠損,C:\Users\8963948\Desktop\帳簿アップロード\営業部_GOG株式会社_2025年1月.xlsx#行24: 値=None,
金額欠損,C:\Users\8963948\Desktop\帳簿アップロード\営業部_GOG株式会社_2025年1月.xlsx#行25: 値=None,
金額欠損,C:\Users\8963948\Desktop\帳簿アップロード\営業部_GOG株式会社_2025年1月.xlsx#行26: 値=None,
金額欠損,C:\Users\8963948\Desktop\帳簿アップロード\営業部_GOG株式会社_2025年1月.xlsx#行27: 値=None,
金額欠損,C:\Users\8963948\Desktop\帳簿アップロード\営業部_GOG株式会社_2025年1月.xlsx#行28: 値=None,
金額欠損,C:\Users\8963948\Desktop\帳簿アップロード\営業部_GOG株式会社_2025年1月.xlsx#行29: 値=None,
金額欠損,C:\Users\8963948\Desktop\帳簿アップロード\営業部_GOG株式会社_2025年1月.xlsx#行30: 値=None,
金額欠損,C:\Users\8963948\Desktop\帳簿アップロード\営業部_GOG株式会社_2025年1月.xlsx#行31: 値=None,
金額欠損,C:\Users\8963948\Desktop\帳簿アップロード\営業部_GOG株式会社_2025年1月.xlsx#行32: 値=None,
金額欠損,C:\Users\8963948\Desktop\帳簿アップロード\営業部_GOG株式会社_2025年1月.xlsx#行33: 値=None,
金額欠損,C:\Users\8963948\Desktop\帳簿アップロード\営業部_GOG株式会社_2025年1月.xlsx#行34: 値=None,
読込エラー,C:\Users\8963948\Desktop\帳簿アップロード\営業部_GOG株式会社_2025年1月.xlsx: NDFrame.get() takes from 2 to 3 positional arguments but 5 were given,
読込エラー,C:\Users\8963948\Desktop\帳簿アップロード\営業部_GOG株式会社_2025年1月.xlsx: NDFrame.get() takes from 2 to 3 positional arguments but 5 were given,
列検出エラー,C:\Users\8963948\Desktop\帳簿アップロード\営業部_GOG株式会社_2025年1月.xlsx: 日付列が見つかりません,
列検出エラー,C:\Users\8963948\Desktop\帳簿アップロード\営業部_ギグワークスアドバリュー株式会社_2025年1月.xlsx: 日付列が見つかりません,
列検出エラー,C:\Users\8963948\Desktop\帳簿アップロード\営業部_ギグワークスアドバリュー株式会社_2025年1月.xlsx: 金額列が見つかりません,
列検出エラー,C:\Users\8963948\Desktop\帳簿アップロード\processed\営業部\営業部_GOG株式会社_2025年1月.xlsx: 日付列が見つかりません,
列検出エラー,C:\Users\8963948\Desktop\帳簿アップロード\processed\営業部\営業部_GOG株式会社_2025年1月.xlsx: 日付列が見つかりません,
列検出エラー,C:\Users\8963948\Desktop\帳簿アップロード\processed\営業部\営業部_GOG株式会社_2025年1月.xlsx: 日付列が見つかりません,
列検出エラー,C:\Users\8963948\Desktop\帳簿アップロード\processed\営業部\営業部_ギグワークスアドバリュー株式会社_2025年1月.xlsx: 日付列が見つかりません,
列検出エラー,C:\Users\8963948\Desktop\帳簿アップロード\processed\営業部\営業部_ギグワークスアドバリュー株式会社_2025年1月.xlsx: 金額列が見つかりません,
列検出エラー,C:\Users\8963948\Desktop\帳簿アップロード\processed\営業部\営業部_GOG株式会社_2025年1月.xlsx: 日付列が見つかりません,
列検出エラー,C:\Users\8963948\Desktop\帳簿アップロード\processed\営業部\営業部_ギグワークスアドバリュー株式会社_2025年1月.xlsx: 日付列が見つかりません,
列検出エラー,C:\Users\8963948\Desktop\帳簿アップロード\processed\営業部\営業部_ギグワークスアドバリュー株式会社_2025年1月.xlsx: 金額列が見つかりません,
列検出エラー,C:\Users\8963948\Desktop\帳簿アップロード\営業部_GOG株式会社_2025年1月.xlsx: 日付列が見つかりません,
列検出エラー,C:\Users\8963948\Desktop\帳簿アップロード\営業部_GOG株式会社_2025年1月.xlsx: 日付列が見つかりません,
列検出エラー,C:\Users\8963948\Desktop\帳簿アップロード\営業部_GOG株式会社_2025年1月.xlsx: 日付列が見つかりません,
列検出エラー,C:\Users\8963948\Desktop\帳簿アップロード\営業部_GOG株式会社_2025年1月.xlsx: 日付列が見つかりません,
読込エラー,C:\Users\8963948\Desktop\帳簿アップロード\営業部_GOG株式会社_2025年1月.xlsx: '作業項目/商品名',
列検出エラー,C:\Users\8963948\Desktop\帳簿アップロード\営業部_GOG株式会社_2025年1月.xlsx: 日付列が見つかりません,
読込エラー,C:\Users\8963948\Desktop\帳簿アップロード\営業部_GOG株式会社_2025年1月.xlsx: '作業項目/商品名',
列検出エラー,C:\Users\8963948\Desktop\帳簿アップロード\営業部_GOG株式会社_2025年1月.xlsx: 日付列が見つかりません,
列検出エラー,C:\Users\8963948\Desktop\帳簿アップロード\営業部_GOG株式会社_2025年1月.xlsx: 日付列が見つかりません,
列検出エラー,C:\Users\8963948\Desktop\帳簿アップロード\営業部_GOG株式会社_2025年1月.xlsx: 日付列が見つかりません,
列検出エラー,C:\Users\8963948\Desktop\帳簿アップロード\営業部_GOG株式会社_2025年1月.xlsx: 日付列が見つかりません,
列検出エラー,C:\Users\8963948\Desktop\帳簿アップロード\営業部_GOG株式会社_2025年1月.xlsx: 日付列が見つかりません,
列検出エラー,C:\Users\8963948\Desktop\帳簿アップロード\営業部_GOG株式会社_2025年1月.xlsx: 日付列が見つかりません,
列検出エラー,C:\Users\8963948\Desktop\帳簿アップロード\営業部_GOG株式会社_2025年1月.xlsx: 日付列が見つかりません,
列検出エラー,C:\Users\8963948\Desktop\帳簿アップロード\営業部_GOG株式会社_2025年1月.xlsx: 日付列が見つかりません,
列検出エラー,C:\Users\8963948\Desktop\帳簿アップロード\processed\営業部\営業部_GOG株式会社_2025年1月.xlsx: 日付列が見つかりません,
列検出エラー,C:\Users\8963948\Desktop\帳簿アップロード\processed\営業部\営業部_GOG株式会社_2025年1月.xlsx: 日付列が見つかりません,
列検出エラー,C:\Users\8963948\Desktop\帳簿アップロード\営業部_ギグワークスアドバリュー株式会社_2025年1月.xlsx: 日付列が見つかりません,
列検出エラー,C:\Users\8963948\Desktop\帳簿アップロード\営業部_ギグワークスアドバリュー株式会社_2025年1月.xlsx: 金額列が見つかりません,
列検出エラー,C:\Users\8963948\Desktop\帳簿アップロード\processed\営業部\営業部_GOG株式会社_2025年1月.xlsx: 日付列が見つかりません,
列検出エラー,C:\Users\8963948\Desktop\帳簿アップロード\processed\営業部\営業部_GOG株式会社_2025年1月.xlsx: 日付列が見つかりません,
列検出エラー,C:\Users\8963948\Desktop\帳簿アップロード\営業部_GOG株式会社_2025年1月.xlsx: 日付列が見つかりません,
列検出エラー,C:\Users\8963948\Desktop\帳簿アップロード\営業部_ギグワークスアドバリュー株式会社_2025年1月.xlsx: 日付列が見つかりません,
列検出エラー,C:\Users\8963948\Desktop\帳簿アップロード\営業部_ギグワークスアドバリュー株式会社_2025年1月.xlsx: 金額列が見つかりません,
列検出エラー,C:\Users\8963948\Desktop\帳簿アップロード\processed\営業部\営業部_GOG株式会社_2025年1月.xlsx: 日付列が見つかりません,
列検出エラー,C:\Users\8963948\Desktop\帳簿アップロード\processed\営業部\営業部_GOG株式会社_2025年1月.xlsx: 日付列が見つかりません,
列検出エラー,C:\Users\8963948\Desktop\帳簿アップロード\営業部_ギグワークスアドバリュー株式会社_2025年1月.xlsx: 日付列が見つかりません,
列検出エラー,C:\Users\8963948\Desktop\帳簿アップロード\営業部_ギグワークスアドバリュー株式会社_2025年1月.xlsx: 日付列が見つかりません,
列検出エラー,C:\Users\8963948\Desktop\帳簿アップロード\営業部_GOG株式会社_2025年1月.xlsx: 日付列が見つかりません,
読込エラー,C:\Users\8963948\Desktop\帳簿アップロード\営業部_GOG株式会社_2025年1月.xlsx: Incorrect API key provided: sddfffff**ffff. You can find your API key at https://platform.openai.com/account/api-keys.,
列検出エラー,C:\Users\8963948\Desktop\帳簿アップロード\営業部_ギグワークスアドバリュー株式会社_2025年1月.xlsx: 日付列が見つかりません,
読込エラー,C:\Users\8963948\Desktop\帳簿アップロード\営業部_ギグワークスアドバリュー株式会社_2025年1月.xlsx: Incorrect API key provided: sddfffff**ffff. You can find your API key at https://platform.openai.com/account/api-keys.,
列検出エラー,C:\Users\8963948\Desktop\帳簿アップロード\processed\errors\営業部_GOG株式会社_2025年1月.xlsx: 日付列が見つかりません,
読込エラー,C:\Users\8963948\Desktop\帳簿アップロード\processed\errors\営業部_GOG株式会社_2025年1月.xlsx: Incorrect API key provided: sddfffff**ffff. You can find your API key at https://platform.openai.com/account/api-keys.,
列検出エラー,C:\Users\8963948\Desktop\帳簿アップロード\processed\errors\営業部_GOG株式会社_2025年1月.xlsx: 日付列が見つかりません,
読込エラー,C:\Users\8963948\Desktop\帳簿アップロード\processed\errors\営業部_GOG株式会社_2025年1月.xlsx: Incorrect API key provided: sddfffff**ffff. You can find your API key at https://platform.openai.com/account/api-keys.,
列検出エラー,C:\Users\8963948\Desktop\帳簿アップロード\営業部_GOG株式会社_2025年1月.xlsx: 日付列が見つかりません,
読込エラー,C:\Users\8963948\Desktop\帳簿アップロード\営業部_GOG株式会社_2025年1月.xlsx: Incorrect API key provided: sddfffff**ffff. You can find your API key at https://platform.openai.com/account/api-keys.,
列検出エラー,C:\Users\8963948\Desktop\帳簿アップロード\営業部_GOG株式会社_2025年1月.xlsx: 日付列が見つかりません,
列検出エラー,C:\Users\8963948\Desktop\帳簿アップロード\processed\営業部\営業部_GOG株式会社_2025年1月.xlsx: 日付列が見つかりません,
列検出エラー,C:\Users\8963948\Desktop\帳簿アップロード\processed\営業部\営業部_GOG株式会社_2025年1月.xlsx: 日付列が見つかりません,
列検出エラー,C:\Users\8963948\Desktop\帳簿アップロード\営業部_GOG株式会社_2025年1月.xlsx: 日付列が見つかりません,
列検出エラー,C:\Users\8963948\Desktop\帳簿アップロード\営業部_株式会社ワールドコウゲイ_2024年1月_グルメ.xlsx: 日付列が見つかりません,
列検出エラー,C:\Users\8963948\Desktop\帳簿アップロード\営業部_株式会社ワールドコウゲイ_2024年1月_グルメ.xlsx: 金額列が見つかりません,
列検出エラー,C:\Users\8963948\Desktop\帳簿アップロード\営業部_ギグワークスアドバリュー株式会社_2025年1月.xlsx: 日付列が見つかりません,
列検出エラー,C:\Users\8963948\Desktop\帳簿アップロード\processed\営業部\営業部_GOG株式会社_2025年1月.xlsx: 日付列が見つかりません,
列検出エラー,C:\Users\8963948\Desktop\帳簿アップロード\processed\営業部\営業部_GOG株式会社_2025年1月.xlsx: 日付列が見つかりません,
列検出エラー,C:\Users\8963948\Desktop\帳簿アップロード\営業部_GOG株式会社_2025年1月.xlsx: 日付列が見つかりません,
列検出エラー,C:\Users\8963948\Desktop\帳簿アップロード\営業部_ギグワークスアドバリュー株式会社_2025年1月.xlsx: 日付列が見つかりません,
列検出エラー,C:\Users\8963948\Desktop\帳簿アップロード\processed\営業部\営業部_GOG株式会社_2025年1月.xlsx: 日付列が見つかりません,
列検出エラー,C:\Users\8963948\Desktop\帳簿アップロード\processed\営業部\営業部_GOG株式会社_2025年1月.xlsx: 日付列が見つかりません,
列検出エラー,C:\Users\8963948\Desktop\帳簿アップロード\processed\営業部\営業部_GOG株式会社_2025年1月.xlsx: 日付列が見つかりません,
列検出エラー,C:\Users\8963948\Desktop\帳簿アップロード\processed\営業部\営業部_ギグワークスアドバリュー株式会社_2025年1月.xlsx: 日付列が見つかりません,
列検出エラー,C:\Users\8963948\Desktop\帳簿アップロード\processed\営業部\営業部_GOG株式会社_2025年1月.xlsx: 日付列が見つかりません,
列検出エラー,C:\Users\8963948\Desktop\帳簿アップロード\processed\営業部\営業部_ギグワークスアドバリュー株式会社_2025年1月.xlsx: 日付列が見つかりません,
列検出エラー,C:\Users\8963948\Desktop\帳簿アップロード\営業部_株式会社ワールドコウゲイ_2024年1月_グルメ.xlsx: 日付列が見つかりません,
列検出エラー,C:\Users\8963948\Desktop\帳簿アップロード\営業部_株式会社ワールドコウゲイ_2024年1月_グルメ.xlsx: 金額列が見つかりません,
列検出エラー,C:\Users\8963948\Desktop\帳簿アップロード\営業部_GOG株式会社_2025年1月.xlsx: 日付列が見つかりません,
列検出エラー,C:\Users\8963948\Desktop\帳簿アップロード\processed\営業部\営業部_GOG株式会社_2025年1月.xlsx: 日付列が見つかりません,
列検出エラー,C:\Users\8963948\Desktop\帳簿アップロード\営業部_ギグワークスアドバリュー株式会社_2025年1月.xlsx: 日付列が見つかりません,
列検出エラー,C:\Users\8963948\Desktop\帳簿アップロード\processed\営業部\営業部_GOG株式会社_2025年1月.xlsx: 日付列が見つかりません,
列検出エラー,C:\Users\8963948\Desktop\帳簿アップロード\営業部_株式会社ワールドコウゲイ_2024年1月_グルメ.xlsx: 日付列が見つかりません,
列検出エラー,C:\Users\8963948\Desktop\帳簿アップロード\営業部_株式会社ワールドコウゲイ_2024年1月_グルメ.xlsx: 金額列が見つかりません,
列検出エラー,C:\Users\8963948\Desktop\帳簿アップロード\営業部_株式会社ワールドコウゲイ_2024年1月_WEB.xlsx: 日付列が見つかりません,
列検出エラー,C:\Users\8963948\Desktop\帳簿アップロード\営業部_株式会社ワールドコウゲイ_2024年1月_WEB.xlsx: 金額列が見つかりません,
列検出エラー,C:\Users\8963948\Desktop\帳簿アップロード\営業部_株式会社ワールドコウゲイ_2024年1月_WEB.xlsx: 日付列が見つかりません,
列検出エラー,C:\Users\8963948\Desktop\帳簿アップロード\営業部_株式会社ワールドコウゲイ_2024年1月_WEB.xlsx: 金額列が見つかりません,
列検出エラー,C:\Users\8963948\Desktop\帳簿アップロード\営業部_株式会社ワールドコウゲイ_2024年1月_WEB.xlsx: 日付列が見つかりません,
列検出エラー,C:\Users\8963948\Desktop\帳簿アップロード\営業部_株式会社ワールドコウゲイ_2024年1月_WEB.xlsx: 金額列が見つかりません,
列検出エラー,C:\Users\8963948\Desktop\帳簿アップロード\営業部_株式会社ワールドコウゲイ_2024年1月_WEB.xlsx: 日付列が見つかりません,
列検出エラー,C:\Users\8963948\Desktop\帳簿アップロード\営業部_株式会社ワールドコウゲイ_2024年1月_WEB.xlsx: 金額列が見つかりません,
列検出エラー,C:\Users\8963948\Desktop\帳簿アップロード\営業部_株式会社ワールドコウゲイ_2024年1月.xlsx: 日付列が見つかりません,
列検出エラー,C:\Users\8963948\Desktop\帳簿アップロード\営業部_株式会社ワールドコウゲイ_2024年1月.xlsx: 金額列が見つかりません,
列検出エラー,C:\Users\8963948\Desktop\帳簿アップロード\営業部_ギグワークスアドバリュー株式会社_2025年1月_グルメ.xlsx: 日付列が見つかりません,
列検出エラー,C:\Users\8963948\Desktop\帳簿アップロード\営業部_GOG株式会社_2024年1月.xlsx: 日付列が見つかりません,
列検出エラー,C:\Users\8963948\Desktop\帳簿アップロード\processed\営業部\営業部_株式会社ワールドコウゲイ_2024年1月.xlsx: 日付列が見つかりません,
列検出エラー,C:\Users\8963948\Desktop\帳簿アップロード\processed\営業部\営業部_株式会社ワールドコウゲイ_2024年1月.xlsx: 金額列が見つかりません,
